url,page_title,header,order,title
https://www.jcchouinard.com/python-for-seo/,Python for SEO: Complete Guide (in 8 Chapters) - JC Chouinard,h1,0,Python for SEO: Complete Guide (in 8 Chapters)
https://www.jcchouinard.com/python-for-seo/,Python for SEO: Complete Guide (in 8 Chapters) - JC Chouinard,h2,0,Subscribe to my Newsletter
https://www.jcchouinard.com/python-for-seo/,Python for SEO: Complete Guide (in 8 Chapters) - JC Chouinard,h2,1,Chapter 1: Python Basics
https://www.jcchouinard.com/python-for-seo/,Python for SEO: Complete Guide (in 8 Chapters) - JC Chouinard,h2,2,Chapter 2: Technical SEO Challenges
https://www.jcchouinard.com/python-for-seo/,Python for SEO: Complete Guide (in 8 Chapters) - JC Chouinard,h2,3,Chapter 3: Automation With Python
https://www.jcchouinard.com/python-for-seo/,Python for SEO: Complete Guide (in 8 Chapters) - JC Chouinard,h2,4,Chapter 4: Use APIs With Python
https://www.jcchouinard.com/python-for-seo/,Python for SEO: Complete Guide (in 8 Chapters) - JC Chouinard,h2,5,Chapter 5: Social Media Automation
https://www.jcchouinard.com/python-for-seo/,Python for SEO: Complete Guide (in 8 Chapters) - JC Chouinard,h2,6,Chapter 6: SEO Split Testing
https://www.jcchouinard.com/python-for-seo/,Python for SEO: Complete Guide (in 8 Chapters) - JC Chouinard,h2,7,Chapter 7: Machine Learning
https://www.jcchouinard.com/python-for-seo/,Python for SEO: Complete Guide (in 8 Chapters) - JC Chouinard,h2,8,Chapter 8: Web Development
https://www.jcchouinard.com/python-for-seo/,Python for SEO: Complete Guide (in 8 Chapters) - JC Chouinard,h2,9,Other Useful Guides For SEO
https://www.jcchouinard.com/python-for-seo/,Python for SEO: Complete Guide (in 8 Chapters) - JC Chouinard,h2,10,Python SEO FAQs
https://www.jcchouinard.com/python-for-seo/,Python for SEO: Complete Guide (in 8 Chapters) - JC Chouinard,h2,11,About Python Programming Language
https://www.jcchouinard.com/python-for-seo/,Python for SEO: Complete Guide (in 8 Chapters) - JC Chouinard,h2,12,Post navigation
https://www.jcchouinard.com/python-for-seo/,Python for SEO: Complete Guide (in 8 Chapters) - JC Chouinard,h3,0,üìôHow to Learn Python for SEO?
https://www.jcchouinard.com/python-for-seo/,Python for SEO: Complete Guide (in 8 Chapters) - JC Chouinard,h3,1,üêçHow to get started with Python?
https://www.jcchouinard.com/python-for-seo/,Python for SEO: Complete Guide (in 8 Chapters) - JC Chouinard,h3,2,‚≠êHow to Automate SEO with Python?
https://www.jcchouinard.com/python-for-seo/,Python for SEO: Complete Guide (in 8 Chapters) - JC Chouinard,h3,3,‚ù§Ô∏èWhat are the Best Python SEO APIs?
https://www.jcchouinard.com/python-for-seo/,Python for SEO: Complete Guide (in 8 Chapters) - JC Chouinard,h3,4,Related posts:
https://www.python.org/success-stories/python-seo-link-analyzer/,Using Python scripts to analyse SEO and broken links on your site | Our Success Stories | Python.org,h1,0,"

"
https://www.python.org/success-stories/python-seo-link-analyzer/,Using Python scripts to analyse SEO and broken links on your site | Our Success Stories | Python.org,h1,1,Using Python scripts to analyse SEO and broken links on your site
https://www.python.org/success-stories/python-seo-link-analyzer/,Using Python scripts to analyse SEO and broken links on your site | Our Success Stories | Python.org,h2,0,Python SEO analyzer
https://www.python.org/success-stories/python-seo-link-analyzer/,Using Python scripts to analyse SEO and broken links on your site | Our Success Stories | Python.org,h2,1,Conclusion
https://www.python.org/success-stories/python-seo-link-analyzer/,Using Python scripts to analyse SEO and broken links on your site | Our Success Stories | Python.org,h3,0,Using the SEO analyzer
https://www.python.org/success-stories/python-seo-link-analyzer/,Using Python scripts to analyse SEO and broken links on your site | Our Success Stories | Python.org,h3,1,Link status analyser
https://www.python.org/success-stories/python-seo-link-analyzer/,Using Python scripts to analyse SEO and broken links on your site | Our Success Stories | Python.org,h4,0,Using the link status analyser
https://www.searchenginejournal.com/python-machine-learning-technical-seo/430000/,An Introduction To Python & Machine Learning For Technical SEO,h1,0,"
            An Introduction To Python & Machine Learning For Technical SEO        "
https://www.searchenginejournal.com/python-machine-learning-technical-seo/430000/,An Introduction To Python & Machine Learning For Technical SEO,h2,0,What Is Python?
https://www.searchenginejournal.com/python-machine-learning-technical-seo/430000/,An Introduction To Python & Machine Learning For Technical SEO,h2,1,How To Learn Python
https://www.searchenginejournal.com/python-machine-learning-technical-seo/430000/,An Introduction To Python & Machine Learning For Technical SEO,h2,2,Why Python Is Popular With SEOs
https://www.searchenginejournal.com/python-machine-learning-technical-seo/430000/,An Introduction To Python & Machine Learning For Technical SEO,h2,3,Example Ways To Use Python
https://www.searchenginejournal.com/python-machine-learning-technical-seo/430000/,An Introduction To Python & Machine Learning For Technical SEO,h2,4,Powering Machine Learning
https://www.searchenginejournal.com/python-machine-learning-technical-seo/430000/,An Introduction To Python & Machine Learning For Technical SEO,h2,5,Conclusion
https://www.searchenginejournal.com/python-machine-learning-technical-seo/430000/,An Introduction To Python & Machine Learning For Technical SEO,h2,6,Python Contributions From The SEO Industry
https://www.searchenginejournal.com/python-machine-learning-technical-seo/430000/,An Introduction To Python & Machine Learning For Technical SEO,h2,7,"

                    Ruth Everett                
"
https://www.searchenginejournal.com/python-machine-learning-technical-seo/430000/,An Introduction To Python & Machine Learning For Technical SEO,h2,8,"

                                Digital Marketing In 2023: 600 Marketing Agencies Share Expert Insights                            
"
https://www.searchenginejournal.com/python-machine-learning-technical-seo/430000/,An Introduction To Python & Machine Learning For Technical SEO,h2,9,"

                                How To Supercharge Your Keyword Research With Powerful Topic Clustering                            
"
https://www.searchenginejournal.com/python-machine-learning-technical-seo/430000/,An Introduction To Python & Machine Learning For Technical SEO,h3,0,SEO Trends 2023
https://www.searchenginejournal.com/python-machine-learning-technical-seo/430000/,An Introduction To Python & Machine Learning For Technical SEO,h3,1,SEO Trends 2023
https://www.searchenginejournal.com/python-machine-learning-technical-seo/430000/,An Introduction To Python & Machine Learning For Technical SEO,h3,2,PPC Trends 2023
https://www.searchenginejournal.com/python-machine-learning-technical-seo/430000/,An Introduction To Python & Machine Learning For Technical SEO,h3,3,Content Marketing For Finance
https://www.searchenginejournal.com/python-machine-learning-technical-seo/430000/,An Introduction To Python & Machine Learning For Technical SEO,h3,4,How to Advertise on Facebook: A Beginner‚Äôs Guide
https://www.searchenginejournal.com/python-machine-learning-technical-seo/430000/,An Introduction To Python & Machine Learning For Technical SEO,h3,5,UX & SEO Guide
https://www.searchenginejournal.com/python-machine-learning-technical-seo/430000/,An Introduction To Python & Machine Learning For Technical SEO,h3,6,"

                        Ruth Everett                    
"
https://www.searchenginejournal.com/python-machine-learning-technical-seo/430000/,An Introduction To Python & Machine Learning For Technical SEO,h3,7,"
Ruth Everett
"
https://www.searchenginejournal.com/python-machine-learning-technical-seo/430000/,An Introduction To Python & Machine Learning For Technical SEO,h3,8,How To Run Python
https://www.searchenginejournal.com/python-machine-learning-technical-seo/430000/,An Introduction To Python & Machine Learning For Technical SEO,h3,9,Python Libraries
https://www.searchenginejournal.com/python-machine-learning-technical-seo/430000/,An Introduction To Python & Machine Learning For Technical SEO,h3,10,The Benefits Of Automating With Python
https://www.searchenginejournal.com/python-machine-learning-technical-seo/430000/,An Introduction To Python & Machine Learning For Technical SEO,h3,11,How To Add Python To Your SEO Workflow
https://www.searchenginejournal.com/python-machine-learning-technical-seo/430000/,An Introduction To Python & Machine Learning For Technical SEO,h3,12,Redirect Relevancy
https://www.searchenginejournal.com/python-machine-learning-technical-seo/430000/,An Introduction To Python & Machine Learning For Technical SEO,h3,13,Internal Link Analysis
https://www.searchenginejournal.com/python-machine-learning-technical-seo/430000/,An Introduction To Python & Machine Learning For Technical SEO,h3,14,Image Captioning With Pythia
https://www.searchenginejournal.com/python-machine-learning-technical-seo/430000/,An Introduction To Python & Machine Learning For Technical SEO,h3,15,APIs
https://www.searchenginejournal.com/python-machine-learning-technical-seo/430000/,An Introduction To Python & Machine Learning For Technical SEO,h3,16,Other Possibilities
https://www.searchenginejournal.com/python-machine-learning-technical-seo/430000/,An Introduction To Python & Machine Learning For Technical SEO,h3,17,What Is Machine Learning?
https://www.searchenginejournal.com/python-machine-learning-technical-seo/430000/,An Introduction To Python & Machine Learning For Technical SEO,h3,18,Python & Machine Learning
https://www.searchenginejournal.com/python-machine-learning-technical-seo/430000/,An Introduction To Python & Machine Learning For Technical SEO,h3,19,Real-World Machine Learning Examples
https://www.searchenginejournal.com/python-machine-learning-technical-seo/430000/,An Introduction To Python & Machine Learning For Technical SEO,h3,20,SEO Possibilities With Machine Learning
https://www.searchenginejournal.com/python-machine-learning-technical-seo/430000/,An Introduction To Python & Machine Learning For Technical SEO,h3,21,Predictive Prefetching
https://www.searchenginejournal.com/python-machine-learning-technical-seo/430000/,An Introduction To Python & Machine Learning For Technical SEO,h3,22,Internal Linking
https://www.searchenginejournal.com/python-machine-learning-technical-seo/430000/,An Introduction To Python & Machine Learning For Technical SEO,h3,23,Content Quality
https://www.searchenginejournal.com/python-machine-learning-technical-seo/430000/,An Introduction To Python & Machine Learning For Technical SEO,h3,24,User Experience
https://www.searchenginejournal.com/python-machine-learning-technical-seo/430000/,An Introduction To Python & Machine Learning For Technical SEO,h3,25,Subscribe to SEJ
https://www.searchenginejournal.com/python-machine-learning-technical-seo/430000/,An Introduction To Python & Machine Learning For Technical SEO,h4,0,"

        					Vector Search: Optimizing For The Human Mind With Machine Learning                            
"
https://www.searchenginejournal.com/python-machine-learning-technical-seo/430000/,An Introduction To Python & Machine Learning For Technical SEO,h4,1,"

        					8 Machine Learning Examples From Brands To Inspire Digital Marketers                            
"
https://www.searchenginejournal.com/python-machine-learning-technical-seo/430000/,An Introduction To Python & Machine Learning For Technical SEO,h4,2,"

        					How Does Machine Learning Work in Paid Search Marketing?                            
"
https://www.danielherediamejias.com/python-scripts-seo/,Python Scripts for SEOs - Daniel Heredia,h1,0,Python Scripts for SEOs
https://www.danielherediamejias.com/python-scripts-seo/,Python Scripts for SEOs - Daniel Heredia,h2,0,Posts navigation
https://www.danielherediamejias.com/python-scripts-seo/,Python Scripts for SEOs - Daniel Heredia,h2,1,Most popular posts
https://www.danielherediamejias.com/python-scripts-seo/,Python Scripts for SEOs - Daniel Heredia,h2,2,Follow me!
https://www.danielherediamejias.com/python-scripts-seo/,Python Scripts for SEOs - Daniel Heredia,h2,3, JC Chouinard
https://www.danielherediamejias.com/python-scripts-seo/,Python Scripts for SEOs - Daniel Heredia,h2,4, Python SEO | importSEM
https://www.danielherediamejias.com/python-scripts-seo/,Python Scripts for SEOs - Daniel Heredia,h3,0,Find your main relevant words with TF IDF and Python
https://www.danielherediamejias.com/python-scripts-seo/,Python Scripts for SEOs - Daniel Heredia,h3,1,Using MOZ API with Python
https://www.danielherediamejias.com/python-scripts-seo/,Python Scripts for SEOs - Daniel Heredia,h3,2,Using Cloudflare Analytics API with Python
https://www.danielherediamejias.com/python-scripts-seo/,Python Scripts for SEOs - Daniel Heredia,h3,3,Extracting keywords ideas with Python and Keyword Planner API segmented by language
https://www.danielherediamejias.com/python-scripts-seo/,Python Scripts for SEOs - Daniel Heredia,h3,4,Checking metatitles rewrites with Python and Oxylab‚Äôs API
https://www.danielherediamejias.com/python-scripts-seo/,Python Scripts for SEOs - Daniel Heredia,h3,5,Pruning with Python and htaccess for SEO
https://www.danielherediamejias.com/python-scripts-seo/,Python Scripts for SEOs - Daniel Heredia,h3,6,Google Alerts and Outreach with Python
https://www.danielherediamejias.com/python-scripts-seo/,Python Scripts for SEOs - Daniel Heredia,h3,7,On-page optimization with Python for SEO
https://www.danielherediamejias.com/python-scripts-seo/,Python Scripts for SEOs - Daniel Heredia,h3,8,Guide to SEO on-page scraping with Python
https://www.danielherediamejias.com/python-scripts-seo/,Python Scripts for SEOs - Daniel Heredia,h3,9,Scraping the Google SERPs with Python and Oxylabs‚Äô API
https://www.danielherediamejias.com/python-scripts-seo/,Python Scripts for SEOs - Daniel Heredia,h3,10,Doing a competitors analysis with Wappalyzer API and Python
https://www.danielherediamejias.com/python-scripts-seo/,Python Scripts for SEOs - Daniel Heredia,h3,11,Generating keyword ideas with Python and Keyword Planner from Google Ads API
https://www.danielherediamejias.com/python-scripts-seo/,Python Scripts for SEOs - Daniel Heredia,h3,12,Page to page redirects with Python and htaccess
https://www.danielherediamejias.com/python-scripts-seo/,Python Scripts for SEOs - Daniel Heredia,h3,13,Finding inlink opportunities with Python for SEO
https://www.danielherediamejias.com/python-scripts-seo/,Python Scripts for SEOs - Daniel Heredia,h3,14,Using Copyscape API with Python
https://www.danielherediamejias.com/python-scripts-seo/,Python Scripts for SEOs - Daniel Heredia,h3,15,Creating a disavow file with Python and Semrush
https://www.danielherediamejias.com/python-scripts-seo/,Python Scripts for SEOs - Daniel Heredia,h3,16,Using Google Analytics API with Python to create alerts
https://www.danielherediamejias.com/python-scripts-seo/,Python Scripts for SEOs - Daniel Heredia,h3,17,Scraping Google Play Store with Python and Selenium
https://www.danielherediamejias.com/python-scripts-seo/,Python Scripts for SEOs - Daniel Heredia,h3,18,Using Wikipedia API with Python for SEO
https://www.danielherediamejias.com/python-scripts-seo/,Python Scripts for SEOs - Daniel Heredia,h3,19,SEO Internal Linking Analysis with Python and Networkx
https://www.danielherediamejias.com/python-scripts-seo/,Python Scripts for SEOs - Daniel Heredia,h4,0,Let the Python snake bite you with my newsletter! 
https://www.danielherediamejias.com/python-scripts-seo/,Python Scripts for SEOs - Daniel Heredia,h4,1,What about having a beer or a coffee?
https://www.rankranger.com/blog/python-for-seo,Learn Python for Better SEO: Here‚Äôs How,h1,0,Learn Python for Better SEO: Here‚Äôs How
https://www.rankranger.com/blog/python-for-seo,Learn Python for Better SEO: Here‚Äôs How,h2,0,Python: The Basics¬†
https://www.rankranger.com/blog/python-for-seo,Learn Python for Better SEO: Here‚Äôs How,h2,1,Why Learn Python for SEO?¬†
https://www.rankranger.com/blog/python-for-seo,Learn Python for Better SEO: Here‚Äôs How,h2,2,How to Learn Python for SEO¬†
https://www.rankranger.com/blog/python-for-seo,Learn Python for Better SEO: Here‚Äôs How,h2,3,How to Get Started with SEO and Python¬†
https://www.rankranger.com/blog/python-for-seo,Learn Python for Better SEO: Here‚Äôs How,h2,4,Which Tool to Use for Running the Python Code?¬†
https://www.rankranger.com/blog/python-for-seo,Learn Python for Better SEO: Here‚Äôs How,h2,5,Best Setup for Python Installation¬†
https://www.rankranger.com/blog/python-for-seo,Learn Python for Better SEO: Here‚Äôs How,h2,6,SEO Tasks You Can Do with Python¬†
https://www.rankranger.com/blog/python-for-seo,Learn Python for Better SEO: Here‚Äôs How,h2,7,Four Python Tools for Every Developer¬†
https://www.rankranger.com/blog/python-for-seo,Learn Python for Better SEO: Here‚Äôs How,h2,8,"Learn Python From the Best
"
https://www.rankranger.com/blog/python-for-seo,Learn Python for Better SEO: Here‚Äôs How,h3,0,JR Oakes¬†
https://www.rankranger.com/blog/python-for-seo,Learn Python for Better SEO: Here‚Äôs How,h3,1,Elias Dabbas¬†
https://www.rankranger.com/blog/python-for-seo,Learn Python for Better SEO: Here‚Äôs How,h3,2,Seth Black¬†
https://www.rankranger.com/blog/python-for-seo,Learn Python for Better SEO: Here‚Äôs How,h3,3,What is Anaconda?¬†
https://www.rankranger.com/blog/python-for-seo,Learn Python for Better SEO: Here‚Äôs How,h3,4,Scikit-Learn¬†
https://www.rankranger.com/blog/python-for-seo,Learn Python for Better SEO: Here‚Äôs How,h3,5,"Keras

"
https://www.rankranger.com/blog/python-for-seo,Learn Python for Better SEO: Here‚Äôs How,h3,6,Theano¬†
https://www.rankranger.com/blog/python-for-seo,Learn Python for Better SEO: Here‚Äôs How,h3,7,SciPy¬†
https://importsem.com/,Python SEO Scripts for Analysis and Automation - importSEM,h1,0,"
Advanced Python SEO Scripts for Next Level Results "
https://importsem.com/,Python SEO Scripts for Analysis and Automation - importSEM,h2,0,Build and Run Python Scripts on the Fly With GPT-3
https://importsem.com/,Python SEO Scripts for Analysis and Automation - importSEM,h2,1,Compare Keyword SERP Similarity in Bulk with Python
https://importsem.com/,Python SEO Scripts for Analysis and Automation - importSEM,h2,2,Analyze SERP Backlink Profiles in Bulk for SEO Using Python
https://importsem.com/,Python SEO Scripts for Analysis and Automation - importSEM,h2,3,Detect Generic Anchor Text in Links for SEO using Python
https://importsem.com/,Python SEO Scripts for Analysis and Automation - importSEM,h2,4,Detect Text in Images in Bulk With Tesseract Using Python for SEO
https://importsem.com/,Python SEO Scripts for Analysis and Automation - importSEM,h2,5,Create a Topical Internal Link Graph for SEO with NetworkX and Python
https://importsem.com/,Python SEO Scripts for Analysis and Automation - importSEM,h2,6,Evaluate Sentiment Analysis in Bulk with spaCy and Python
https://importsem.com/,Python SEO Scripts for Analysis and Automation - importSEM,h2,7,Discover Interlinking Opportunities Using K-Means and Python
https://importsem.com/,Python SEO Scripts for Analysis and Automation - importSEM,h2,8,Classify Anchor Text N-Grams for Interlinking Insights with Python
https://importsem.com/,Python SEO Scripts for Analysis and Automation - importSEM,h2,9,Webpage Word Sense Disambiguation for SEO Using Python and NLTK
https://importsem.com/,Python SEO Scripts for Analysis and Automation - importSEM,h2,10,Calculate GSC CTR Stats By Position Using Python for SEO
https://importsem.com/,Python SEO Scripts for Analysis and Automation - importSEM,h2,11,Use Python and Google Trends to Forecast Your Top GSC Keywords
https://importsem.com/,Python SEO Scripts for Analysis and Automation - importSEM,h2,12,Use Machine Learning and Python for Easy Text Classification
https://importsem.com/,Python SEO Scripts for Analysis and Automation - importSEM,h2,13,Detect Google SERP Title and Snippet Rewrites with Python
https://importsem.com/,Python SEO Scripts for Analysis and Automation - importSEM,h2,14,Use Python to Create a GSC to BigQuery Pipeline
https://importsem.com/,Python SEO Scripts for Analysis and Automation - importSEM,h2,15,Overlay GSC Data with Google Algo Updates Using Python
https://importsem.com/,Python SEO Scripts for Analysis and Automation - importSEM,h2,16,Build an N-Gram Text Analyzer for SEO using Python
https://importsem.com/,Python SEO Scripts for Analysis and Automation - importSEM,h2,17,Bulk IP Filter for Google Analytics Using Python and RegEx
https://importsem.com/,Python SEO Scripts for Analysis and Automation - importSEM,h2,18,Compare Wikipedia Search Data with Google Trends with Python
https://importsem.com/,Python SEO Scripts for Analysis and Automation - importSEM,h2,19,Measure Causal Impact from GSC Data Using Python
https://importsem.com/,Python SEO Scripts for Analysis and Automation - importSEM,h2,20,Competitive SEO URL Analysis with Python
https://importsem.com/,Python SEO Scripts for Analysis and Automation - importSEM,h2,21,"Use Python to Label Query Intent, Entities and Keyword Count"
https://importsem.com/,Python SEO Scripts for Analysis and Automation - importSEM,h2,22,Generate a 404 Redirect List for SEO with Polyfuzz Using Python
https://importsem.com/,Python SEO Scripts for Analysis and Automation - importSEM,h2,23,Greg Bernhardt Joins Webinar on How to Perform a Content Audit
https://importsem.com/,Python SEO Scripts for Analysis and Automation - importSEM,h2,24,Analyze Words Using WordsAPI App and Python for SEO
https://importsem.com/,Python SEO Scripts for Analysis and Automation - importSEM,h2,25,Scraping YouTube Video Pages for SEO with Python
https://importsem.com/,Python SEO Scripts for Analysis and Automation - importSEM,h2,26,Create a Simple Sitemap Generator App for SEO Using Python and Streamlit
https://importsem.com/,Python SEO Scripts for Analysis and Automation - importSEM,h2,27,Automatically Find SEO Interlinking Opportunities with Python
https://importsem.com/,Python SEO Scripts for Analysis and Automation - importSEM,h2,28,SEO Data Blending with Python for Beginners
https://importsem.com/,Python SEO Scripts for Analysis and Automation - importSEM,h2,29,Is Python SEO Right For You? Practical Python Advice and FAQ
https://importsem.com/,Python SEO Scripts for Analysis and Automation - importSEM,h2,30,Crawl and Optimize All Website Images With Python
https://importsem.com/,Python SEO Scripts for Analysis and Automation - importSEM,h2,31,Automate Image Compression with Python over FTP
https://importsem.com/,Python SEO Scripts for Analysis and Automation - importSEM,h2,32,Getting Started with Google Cloud Functions and Google Scheduler
https://importsem.com/,Python SEO Scripts for Analysis and Automation - importSEM,h2,33,Update a Google Sheet with Semrush Position Tracking API Using Python
https://importsem.com/,Python SEO Scripts for Analysis and Automation - importSEM,h2,34,Create a Custom Twitter Tweet Alert System with Python
https://importsem.com/,Python SEO Scripts for Analysis and Automation - importSEM,h2,35,Find Search Volume Ceiling for Keyword Categories Using Python
https://importsem.com/,Python SEO Scripts for Analysis and Automation - importSEM,h2,36,Analyze Crawled PDF Text Using Python for SEO
https://importsem.com/,Python SEO Scripts for Analysis and Automation - importSEM,h2,37,Hamlet Batista Ranksense Webinar: Data Blending with Python
https://importsem.com/,Python SEO Scripts for Analysis and Automation - importSEM,h2,38,Use Python and Brightlocal API to Grab Your Keyword Rankings
https://importsem.com/,Python SEO Scripts for Analysis and Automation - importSEM,h2,39,How SEOs Can Use Python to Automate Lighthouse Reports
https://importsem.com/,Python SEO Scripts for Analysis and Automation - importSEM,h2,40,Using Google‚Äôs Mobile Friendly Test Tool API with Python
https://importsem.com/,Python SEO Scripts for Analysis and Automation - importSEM,h2,41,Detect Web Page Technologies with BuiltWith API and Python
https://importsem.com/,Python SEO Scripts for Analysis and Automation - importSEM,h2,42,Use Google NLP to Compare Two Web Page‚Äôs Entities Using Python
https://importsem.com/,Python SEO Scripts for Analysis and Automation - importSEM,h2,43,Getting Started with Google NLP API Using Python
https://importsem.com/,Python SEO Scripts for Analysis and Automation - importSEM,h2,44,Use Python to Scrape Technical Info for Domains
https://importsem.com/,Python SEO Scripts for Analysis and Automation - importSEM,h2,45,Website Uptime Monitor With LEDs and LCD Screen Using Python
https://importsem.com/,Python SEO Scripts for Analysis and Automation - importSEM,h2,46,SEO Guide to Creating a Website Uptime Monitor Using Python
https://importsem.com/,Python SEO Scripts for Analysis and Automation - importSEM,h2,47,Use Python Difflib to Detect and Display Robots.txt Changes
https://importsem.com/,Python SEO Scripts for Analysis and Automation - importSEM,h2,48,SEOs Can Retrieve the Google Cache Date for URLs Using Python
https://importsem.com/,Python SEO Scripts for Analysis and Automation - importSEM,h2,49,Extract Google Suggestions API Data for SEO Insights with Python
https://importsem.com/,Python SEO Scripts for Analysis and Automation - importSEM,h2,50,"Find Keyword Opportunities with Google Trends, Python and Ahrefs"
https://importsem.com/,Python SEO Scripts for Analysis and Automation - importSEM,h2,51,Submit a WordPress Gravity Form via API with Python
https://importsem.com/,Python SEO Scripts for Analysis and Automation - importSEM,h2,52,Use Python and Chrome to Take Webpage Screenshots
https://importsem.com/,Python SEO Scripts for Analysis and Automation - importSEM,h2,53,How to Get Cached Pages From Wayback Machine API
https://importsem.com/,Python SEO Scripts for Analysis and Automation - importSEM,h2,54,External Python SEO Tutorials
https://importsem.com/,Python SEO Scripts for Analysis and Automation - importSEM,h2,55,Follow Me
https://importsem.com/,Python SEO Scripts for Analysis and Automation - importSEM,h2,56,Categories
https://importsem.com/,Python SEO Scripts for Analysis and Automation - importSEM,h2,57,Recent Python SEO Tutorials
https://importsem.com/,Python SEO Scripts for Analysis and Automation - importSEM,h2,58,Friends
https://practicaldatascience.co.uk/data-science/19-python-seo-projects-that-will-improve-your-site,19 Python SEO projects that will improve your site,h1,0,19 Python SEO projects that will improve your site
https://practicaldatascience.co.uk/data-science/19-python-seo-projects-that-will-improve-your-site,19 Python SEO projects that will improve your site,h2,0,Using Python for SEO is really catching on. There are loads of ways you can use Python SEO projects to improve your work. Here are 19 of the best.
https://practicaldatascience.co.uk/data-science/19-python-seo-projects-that-will-improve-your-site,19 Python SEO projects that will improve your site,h3,0,1. Automatically generate meta descriptions using AI
https://practicaldatascience.co.uk/data-science/19-python-seo-projects-that-will-improve-your-site,19 Python SEO projects that will improve your site,h3,1,2. Identify SEO keywords
https://practicaldatascience.co.uk/data-science/19-python-seo-projects-that-will-improve-your-site,19 Python SEO projects that will improve your site,h3,2,3. Optimise your content for Extractive Question Answering
https://practicaldatascience.co.uk/data-science/19-python-seo-projects-that-will-improve-your-site,19 Python SEO projects that will improve your site,h3,3,4. Identify near-duplicate content
https://practicaldatascience.co.uk/data-science/19-python-seo-projects-that-will-improve-your-site,19 Python SEO projects that will improve your site,h3,4,5. Identify keyword cannibalisation
https://practicaldatascience.co.uk/data-science/19-python-seo-projects-that-will-improve-your-site,19 Python SEO projects that will improve your site,h3,5,6. Analyse non-ranking pages and index bloat
https://practicaldatascience.co.uk/data-science/19-python-seo-projects-that-will-improve-your-site,19 Python SEO projects that will improve your site,h3,6,7. Identify search traffic trends
https://practicaldatascience.co.uk/data-science/19-python-seo-projects-that-will-improve-your-site,19 Python SEO projects that will improve your site,h3,7,8. Bulk audit a site‚Äôs Core Web Vitals
https://practicaldatascience.co.uk/data-science/19-python-seo-projects-that-will-improve-your-site,19 Python SEO projects that will improve your site,h3,8,9. Identify internal and external links
https://practicaldatascience.co.uk/data-science/19-python-seo-projects-that-will-improve-your-site,19 Python SEO projects that will improve your site,h3,9,10. Access Google Analytics and Google Search Console data
https://practicaldatascience.co.uk/data-science/19-python-seo-projects-that-will-improve-your-site,19 Python SEO projects that will improve your site,h3,10,11. Crawl a site for 404 errors and 301 redirect chains
https://practicaldatascience.co.uk/data-science/19-python-seo-projects-that-will-improve-your-site,19 Python SEO projects that will improve your site,h3,11,12. Detect anomalies in Google Search Console data
https://practicaldatascience.co.uk/data-science/19-python-seo-projects-that-will-improve-your-site,19 Python SEO projects that will improve your site,h3,12,13. Generate automated PDF reports
https://practicaldatascience.co.uk/data-science/19-python-seo-projects-that-will-improve-your-site,19 Python SEO projects that will improve your site,h3,13,14. Machine translate your content
https://practicaldatascience.co.uk/data-science/19-python-seo-projects-that-will-improve-your-site,19 Python SEO projects that will improve your site,h3,14,15. Build a web site scraper
https://practicaldatascience.co.uk/data-science/19-python-seo-projects-that-will-improve-your-site,19 Python SEO projects that will improve your site,h3,15,16. Scrape schema.org and OpenGraph metadata
https://practicaldatascience.co.uk/data-science/19-python-seo-projects-that-will-improve-your-site,19 Python SEO projects that will improve your site,h3,16,17. Scrape and analyse XML sitemaps
https://practicaldatascience.co.uk/data-science/19-python-seo-projects-that-will-improve-your-site,19 Python SEO projects that will improve your site,h3,17,18. Analyse robots.txt files
https://practicaldatascience.co.uk/data-science/19-python-seo-projects-that-will-improve-your-site,19 Python SEO projects that will improve your site,h3,18,19. Scrape Google search results
https://practicaldatascience.co.uk/data-science/19-python-seo-projects-that-will-improve-your-site,19 Python SEO projects that will improve your site,h3,19,Other posts you might like
https://practicaldatascience.co.uk/data-science/19-python-seo-projects-that-will-improve-your-site,19 Python SEO projects that will improve your site,h3,20,"
How to use Pandas from_dict() to create a dataframe
"
https://practicaldatascience.co.uk/data-science/19-python-seo-projects-that-will-improve-your-site,19 Python SEO projects that will improve your site,h3,21,"
How to round values in Pandas using round()
"
https://practicaldatascience.co.uk/data-science/19-python-seo-projects-that-will-improve-your-site,19 Python SEO projects that will improve your site,h3,22,"
How to get a list of national holiday dates in Python
"
https://practicaldatascience.co.uk/data-science/19-python-seo-projects-that-will-improve-your-site,19 Python SEO projects that will improve your site,h3,23,Get the newsletter
https://practicaldatascience.co.uk/data-science/19-python-seo-projects-that-will-improve-your-site,19 Python SEO projects that will improve your site,h3,24,Categories
https://practicaldatascience.co.uk/data-science/19-python-seo-projects-that-will-improve-your-site,19 Python SEO projects that will improve your site,h3,25,Site
https://practicaldatascience.co.uk/data-science/19-python-seo-projects-that-will-improve-your-site,19 Python SEO projects that will improve your site,h3,26,The Practical Data Science blog
https://practicaldatascience.co.uk/data-science/19-python-seo-projects-that-will-improve-your-site,19 Python SEO projects that will improve your site,h4,0,"
A quick guide to Learning to Rank models
"
https://practicaldatascience.co.uk/data-science/19-python-seo-projects-that-will-improve-your-site,19 Python SEO projects that will improve your site,h4,1,"
15 ways you can use data science to boost ecommerce performance
"
https://practicaldatascience.co.uk/data-science/19-python-seo-projects-that-will-improve-your-site,19 Python SEO projects that will improve your site,h4,2,"
A quick guide to customer segmentation for data scientists
"
https://practicaldatascience.co.uk/data-science/19-python-seo-projects-that-will-improve-your-site,19 Python SEO projects that will improve your site,h4,3,"
How to run time-based SEO tests using Python
"
https://practicaldatascience.co.uk/data-science/19-python-seo-projects-that-will-improve-your-site,19 Python SEO projects that will improve your site,h4,4,"
How to identify SEO keyword opportunities with Python
"
https://practicaldatascience.co.uk/data-science/19-python-seo-projects-that-will-improve-your-site,19 Python SEO projects that will improve your site,h4,5,"
How to use NLP to identify what drives customer satisfaction
"
https://practicaldatascience.co.uk/data-science/19-python-seo-projects-that-will-improve-your-site,19 Python SEO projects that will improve your site,h4,6,"
How to split strings using the Pandas split() function
"
https://practicaldatascience.co.uk/data-science/19-python-seo-projects-that-will-improve-your-site,19 Python SEO projects that will improve your site,h4,7,"
How to use Pandas explode() to split a list column into rows
"
https://practicaldatascience.co.uk/data-science/19-python-seo-projects-that-will-improve-your-site,19 Python SEO projects that will improve your site,h4,8,"
How to use Pandas std() to calculate standard deviation
"
https://practicaldatascience.co.uk/data-science/19-python-seo-projects-that-will-improve-your-site,19 Python SEO projects that will improve your site,h4,9,"
How to use Pandas sample() to show a sample of data
"
https://practicaldatascience.co.uk/data-science/19-python-seo-projects-that-will-improve-your-site,19 Python SEO projects that will improve your site,h4,10,"
How to use Pandas concat() to concatenate dataframes
"
https://practicaldatascience.co.uk/data-science/19-python-seo-projects-that-will-improve-your-site,19 Python SEO projects that will improve your site,h4,11,"
How to get and set Pandas cell values with at[] and iat[]
"
https://practicaldatascience.co.uk/data-science/19-python-seo-projects-that-will-improve-your-site,19 Python SEO projects that will improve your site,h4,12,"
How to split strings using the Pandas split() function
"
https://practicaldatascience.co.uk/data-science/19-python-seo-projects-that-will-improve-your-site,19 Python SEO projects that will improve your site,h4,13,"
How to use Pandas explode() to split a list column into rows
"
https://practicaldatascience.co.uk/data-science/19-python-seo-projects-that-will-improve-your-site,19 Python SEO projects that will improve your site,h4,14,"
How to use Pandas std() to calculate standard deviation
"
https://practicaldatascience.co.uk/data-science/19-python-seo-projects-that-will-improve-your-site,19 Python SEO projects that will improve your site,h4,15,"
How to use Pandas sample() to show a sample of data
"
https://practicaldatascience.co.uk/data-science/19-python-seo-projects-that-will-improve-your-site,19 Python SEO projects that will improve your site,h4,16,"
How to use Pandas concat() to concatenate dataframes
"
https://practicaldatascience.co.uk/data-science/19-python-seo-projects-that-will-improve-your-site,19 Python SEO projects that will improve your site,h4,17,"
How to get and set Pandas cell values with at[] and iat[]
"
https://practicaldatascience.co.uk/data-science/19-python-seo-projects-that-will-improve-your-site,19 Python SEO projects that will improve your site,h4,18,"The Pandas library is so versatile that it provides several ways to create a dataframe. One of the most commonly used is the from_dict() method, which allows you to create..."
https://practicaldatascience.co.uk/data-science/19-python-seo-projects-that-will-improve-your-site,19 Python SEO projects that will improve your site,h4,19,"When working with numeric data in Pandas you‚Äôll often need to round numbers to the nearest whole number, round them up, round them down, or round them to two decimal..."
https://practicaldatascience.co.uk/data-science/19-python-seo-projects-that-will-improve-your-site,19 Python SEO projects that will improve your site,h4,20,"When working with ecommerce and marketing data in time series analysis projects, the dates of national holidays, or bank holidays, can make a big difference to customer behaviour so are..."
https://github.com/sethblack/python-seo-analyzer,"GitHub - sethblack/python-seo-analyzer: An SEO tool that analyzes the structure of a site, crawls the site, count words in the body of the site and warns of any technical SEO issues.",h1,0,sethblack/python-seo-analyzer
https://github.com/sethblack/python-seo-analyzer,"GitHub - sethblack/python-seo-analyzer: An SEO tool that analyzes the structure of a site, crawls the site, count words in the body of the site and warns of any technical SEO issues.",h1,1,Name already in use
https://github.com/sethblack/python-seo-analyzer,"GitHub - sethblack/python-seo-analyzer: An SEO tool that analyzes the structure of a site, crawls the site, count words in the body of the site and warns of any technical SEO issues.",h1,2,Python SEO Analyzer
https://github.com/sethblack/python-seo-analyzer,"GitHub - sethblack/python-seo-analyzer: An SEO tool that analyzes the structure of a site, crawls the site, count words in the body of the site and warns of any technical SEO issues.",h2,0,Latest commit
https://github.com/sethblack/python-seo-analyzer,"GitHub - sethblack/python-seo-analyzer: An SEO tool that analyzes the structure of a site, crawls the site, count words in the body of the site and warns of any technical SEO issues.",h2,1,Git stats
https://github.com/sethblack/python-seo-analyzer,"GitHub - sethblack/python-seo-analyzer: An SEO tool that analyzes the structure of a site, crawls the site, count words in the body of the site and warns of any technical SEO issues.",h2,2,Files
https://github.com/sethblack/python-seo-analyzer,"GitHub - sethblack/python-seo-analyzer: An SEO tool that analyzes the structure of a site, crawls the site, count words in the body of the site and warns of any technical SEO issues.",h2,3,"
README.md
"
https://github.com/sethblack/python-seo-analyzer,"GitHub - sethblack/python-seo-analyzer: An SEO tool that analyzes the structure of a site, crawls the site, count words in the body of the site and warns of any technical SEO issues.",h2,4,Installation
https://github.com/sethblack/python-seo-analyzer,"GitHub - sethblack/python-seo-analyzer: An SEO tool that analyzes the structure of a site, crawls the site, count words in the body of the site and warns of any technical SEO issues.",h2,5,Command-line Usage
https://github.com/sethblack/python-seo-analyzer,"GitHub - sethblack/python-seo-analyzer: An SEO tool that analyzes the structure of a site, crawls the site, count words in the body of the site and warns of any technical SEO issues.",h2,6,API
https://github.com/sethblack/python-seo-analyzer,"GitHub - sethblack/python-seo-analyzer: An SEO tool that analyzes the structure of a site, crawls the site, count words in the body of the site and warns of any technical SEO issues.",h2,7,Notes
https://github.com/sethblack/python-seo-analyzer,"GitHub - sethblack/python-seo-analyzer: An SEO tool that analyzes the structure of a site, crawls the site, count words in the body of the site and warns of any technical SEO issues.",h2,8,About
https://github.com/sethblack/python-seo-analyzer,"GitHub - sethblack/python-seo-analyzer: An SEO tool that analyzes the structure of a site, crawls the site, count words in the body of the site and warns of any technical SEO issues.",h2,9,"

    Releases
      10
"
https://github.com/sethblack/python-seo-analyzer,"GitHub - sethblack/python-seo-analyzer: An SEO tool that analyzes the structure of a site, crawls the site, count words in the body of the site and warns of any technical SEO issues.",h2,10,"

    Packages 0
"
https://github.com/sethblack/python-seo-analyzer,"GitHub - sethblack/python-seo-analyzer: An SEO tool that analyzes the structure of a site, crawls the site, count words in the body of the site and warns of any technical SEO issues.",h2,11,"

        Used by 270
 "
https://github.com/sethblack/python-seo-analyzer,"GitHub - sethblack/python-seo-analyzer: An SEO tool that analyzes the structure of a site, crawls the site, count words in the body of the site and warns of any technical SEO issues.",h2,12,"

    Contributors 17
"
https://github.com/sethblack/python-seo-analyzer,"GitHub - sethblack/python-seo-analyzer: An SEO tool that analyzes the structure of a site, crawls the site, count words in the body of the site and warns of any technical SEO issues.",h2,13,Languages
https://github.com/sethblack/python-seo-analyzer,"GitHub - sethblack/python-seo-analyzer: An SEO tool that analyzes the structure of a site, crawls the site, count words in the body of the site and warns of any technical SEO issues.",h2,14,Footer
https://github.com/sethblack/python-seo-analyzer,"GitHub - sethblack/python-seo-analyzer: An SEO tool that analyzes the structure of a site, crawls the site, count words in the body of the site and warns of any technical SEO issues.",h3,0,License
https://github.com/sethblack/python-seo-analyzer,"GitHub - sethblack/python-seo-analyzer: An SEO tool that analyzes the structure of a site, crawls the site, count words in the body of the site and warns of any technical SEO issues.",h3,1,PIP
https://github.com/sethblack/python-seo-analyzer,"GitHub - sethblack/python-seo-analyzer: An SEO tool that analyzes the structure of a site, crawls the site, count words in the body of the site and warns of any technical SEO issues.",h3,2,Docker
https://github.com/sethblack/python-seo-analyzer,"GitHub - sethblack/python-seo-analyzer: An SEO tool that analyzes the structure of a site, crawls the site, count words in the body of the site and warns of any technical SEO issues.",h3,3,Topics
https://github.com/sethblack/python-seo-analyzer,"GitHub - sethblack/python-seo-analyzer: An SEO tool that analyzes the structure of a site, crawls the site, count words in the body of the site and warns of any technical SEO issues.",h3,4,Resources
https://github.com/sethblack/python-seo-analyzer,"GitHub - sethblack/python-seo-analyzer: An SEO tool that analyzes the structure of a site, crawls the site, count words in the body of the site and warns of any technical SEO issues.",h3,5,License
https://github.com/sethblack/python-seo-analyzer,"GitHub - sethblack/python-seo-analyzer: An SEO tool that analyzes the structure of a site, crawls the site, count words in the body of the site and warns of any technical SEO issues.",h3,6,Code of conduct
https://github.com/sethblack/python-seo-analyzer,"GitHub - sethblack/python-seo-analyzer: An SEO tool that analyzes the structure of a site, crawls the site, count words in the body of the site and warns of any technical SEO issues.",h3,7,Stars
https://github.com/sethblack/python-seo-analyzer,"GitHub - sethblack/python-seo-analyzer: An SEO tool that analyzes the structure of a site, crawls the site, count words in the body of the site and warns of any technical SEO issues.",h3,8,Watchers
https://github.com/sethblack/python-seo-analyzer,"GitHub - sethblack/python-seo-analyzer: An SEO tool that analyzes the structure of a site, crawls the site, count words in the body of the site and warns of any technical SEO issues.",h3,9,Forks
https://github.com/sethblack/python-seo-analyzer,"GitHub - sethblack/python-seo-analyzer: An SEO tool that analyzes the structure of a site, crawls the site, count words in the body of the site and warns of any technical SEO issues.",h3,10,Footer navigation
https://github.com/sethblack/python-seo-analyzer,"GitHub - sethblack/python-seo-analyzer: An SEO tool that analyzes the structure of a site, crawls the site, count words in the body of the site and warns of any technical SEO issues.",h4,0,Sign In Required
https://github.com/sethblack/python-seo-analyzer,"GitHub - sethblack/python-seo-analyzer: An SEO tool that analyzes the structure of a site, crawls the site, count words in the body of the site and warns of any technical SEO issues.",h4,1,Launching GitHub Desktop
https://github.com/sethblack/python-seo-analyzer,"GitHub - sethblack/python-seo-analyzer: An SEO tool that analyzes the structure of a site, crawls the site, count words in the body of the site and warns of any technical SEO issues.",h4,2,Launching GitHub Desktop
https://github.com/sethblack/python-seo-analyzer,"GitHub - sethblack/python-seo-analyzer: An SEO tool that analyzes the structure of a site, crawls the site, count words in the body of the site and warns of any technical SEO issues.",h4,3,Launching Xcode
https://github.com/sethblack/python-seo-analyzer,"GitHub - sethblack/python-seo-analyzer: An SEO tool that analyzes the structure of a site, crawls the site, count words in the body of the site and warns of any technical SEO issues.",h4,4,Launching Visual Studio Code
https://www.seoradar.com/how-to-use-python-seo/,403 Forbidden,h1,0,403 Forbidden
https://rockcontent.com/blog/python-for-seo/,Python for SEO: A Guide on How to Automate Your Strategy,h1,0,How Python can automate your SEO strategy
https://rockcontent.com/blog/python-for-seo/,Python for SEO: A Guide on How to Automate Your Strategy,h2,0,Subscribe to our blog
https://rockcontent.com/blog/python-for-seo/,Python for SEO: A Guide on How to Automate Your Strategy,h2,1,Related Posts
https://rockcontent.com/blog/python-for-seo/,Python for SEO: A Guide on How to Automate Your Strategy,h2,2,"

The SEO Recap of 2022 and What‚Äôs Ahead in 2023: A Must-Read Retrospective 
"
https://rockcontent.com/blog/python-for-seo/,Python for SEO: A Guide on How to Automate Your Strategy,h2,3,"

A Retrospective on Consumer Behavior in 2022 and Forecasts for 2023 
"
https://rockcontent.com/blog/python-for-seo/,Python for SEO: A Guide on How to Automate Your Strategy,h3,0,Machine Learning and Deep Learning
https://rockcontent.com/blog/python-for-seo/,Python for SEO: A Guide on How to Automate Your Strategy,h3,1,Automation
https://rockcontent.com/blog/python-for-seo/,Python for SEO: A Guide on How to Automate Your Strategy,h3,2,Libraries and data visualization
https://rockcontent.com/blog/python-for-seo/,Python for SEO: A Guide on How to Automate Your Strategy,h3,3,Web programming
https://rockcontent.com/blog/python-for-seo/,Python for SEO: A Guide on How to Automate Your Strategy,h3,4,Integration with other languages
https://rockcontent.com/blog/python-for-seo/,Python for SEO: A Guide on How to Automate Your Strategy,h3,5,URL Mapping
https://rockcontent.com/blog/python-for-seo/,Python for SEO: A Guide on How to Automate Your Strategy,h3,6,Analysis of internal links
https://rockcontent.com/blog/python-for-seo/,Python for SEO: A Guide on How to Automate Your Strategy,h3,7,Keyword search
https://rockcontent.com/blog/python-for-seo/,Python for SEO: A Guide on How to Automate Your Strategy,h3,8,Image Optimization
https://rockcontent.com/blog/python-for-seo/,Python for SEO: A Guide on How to Automate Your Strategy,h3,9,Keyword tracking
https://rockcontent.com/blog/python-for-seo/,Python for SEO: A Guide on How to Automate Your Strategy,h3,10,Performance improvement
https://rockcontent.com/blog/python-for-seo/,Python for SEO: A Guide on How to Automate Your Strategy,h3,11,Data Extraction
https://rockcontent.com/blog/python-for-seo/,Python for SEO: A Guide on How to Automate Your Strategy,h3,12,Adding subtitles to images
https://rockcontent.com/blog/python-for-seo/,Python for SEO: A Guide on How to Automate Your Strategy,h3,13,Image Optimization
https://rockcontent.com/blog/python-for-seo/,Python for SEO: A Guide on How to Automate Your Strategy,h3,14,SEO Analysis
https://rockcontent.com/blog/python-for-seo/,Python for SEO: A Guide on How to Automate Your Strategy,h3,15,Search for 404 errors
https://rockcontent.com/blog/python-for-seo/,Python for SEO: A Guide on How to Automate Your Strategy,h3,16,More in SEO
https://rockcontent.com/blog/python-for-seo/,Python for SEO: A Guide on How to Automate Your Strategy,h3,17,"

Local SEO For Retailers: How To Reach A Ready-To-Buy Audience 
"
https://rockcontent.com/blog/python-for-seo/,Python for SEO: A Guide on How to Automate Your Strategy,h3,18,"

How Stage helped the IRKO Group overcome its digital challenges 
"
https://rockcontent.com/blog/python-for-seo/,Python for SEO: A Guide on How to Automate Your Strategy,h3,19,"

Domain, subdomain or subdirectory: which is better for your website? 
"
https://rockcontent.com/blog/python-for-seo/,Python for SEO: A Guide on How to Automate Your Strategy,h3,20,Want to receive more brilliant content like this for free?
